PANDHARPUR ,PVR
LUCKNOW ,LKO
LOKMANYATILAK T ,LTT
LOKMANYATILAK T ,LTT
LUCKNOW ,LKO
MUZAFFARPUR JN ,MFP
INDORE JN BG ,INDB
DELHI ,DLI
HARIDWAR JN ,HW
HOWRAH JN ,HWH
HOWRAH JN ,HWH
MUZAFFARPUR JN ,MFP
SEALDAH ,SDAH
DARBHANGA JN ,DBG
GUWAHATI ,GHY
PATNA JN ,PNBE
GORAKHPUR JN ,GKP
PATNA JN ,PNBE
DELHI S ROHILLA ,DEE
DELHI ,DLI
ALLAHABAD JN ,ALD
NEW DELHI ,NDLS
LUCKNOW ,LJN
GUWAHATI ,GHY
VARANASI JN ,BSB
BARAUNI JN ,BJU
ANAND VIHAR TRM ,ANVT
MADURAI JN ,MDU
HYDERABAD DECAN ,HYB
TIRUPATI ,TPTY
HYDERABAD DECAN ,HYB
JAMMU TAWI ,JAT
LUCKNOW ,LJN
VARANASI JN ,BSB
DADAR ,DR
MUMBAI CST ,CSTM
MUMBAI CST ,CSTM
MUMBAI CST ,CSTM
HUBLI JN ,UBL
GWALIOR ,GWL
LOKMANYATILAK T ,LTT
AHMEDABAD JN ,ADI
PUNE JN2 ,PUNE
VASCO DA GAMA ,VSG
PATNA JN ,PNBE
PANIPAT JN ,PNP
UDHAMPUR ,UHP
RATANGARH JN ,RTGH
ANAND VIHAR TRM ,ANVT
JAMMU TAWI ,JAT
LUCKNOW ,LKO
NEW DELHI ,NDLS
VARANASI JN ,BSB
BIKANER JN ,BKN
LOKMANYATILAK T ,LTT
DIBRUGARH ,DBRG
KOLKATA ,KOAA
KAMAKHYA ,KYQ
LUMDING JN ,LMG
GUWAHATI ,GHY
DIBRUGARH ,DBRG
DIBRUGARH ,DBRG
GUWAHATI ,GHY
DIBRUGARH ,DBRG
CHENNAI CENTRAL ,MAS
CHENNAI CENTRAL ,MAS
QUILON JN ,QLN
CHENNAI CENTRAL ,MAS
NAGERCOIL JN ,NCJ
SHIMOGA TOWN ,SMET
MYSORE JN ,MYS
MYSORE JN ,MYS
MANGALORE JN ,MAJN
CHENNAI EGMORE ,MS
TIRUNELVELI ,TEN
ERANAKULAM JN ,ERS
HINDUPUR ,HUP
BIJAPUR ,BJP
BANGALORE CY JN ,SBC
YESVANTPUR JN ,YPR
SOLAPUR JN ,SUR
CHENNAI EGMORE ,MS
TIRUCHCHIRAPALI JN ,TPJ
VASCO DA GAMA ,VSG
MYSORE JN ,MYS
HUBLI JN ,UBL
JHARGRAM ,JGM
HOWRAH JN ,HWH
PURI ,PURI
CHENNAI CENTRAL ,MAS
PURI ,PURI
VISHAKAPATNAM ,VSKP
NIZAMABAD ,NZB
SAINAGAR SHIRDI ,SNSI
AHMEDABAD JN ,ADI
VALSAD ,BL
VALSAD ,BL
PORBANDAR ,PBR
BANDRA TERMINUS ,BDTS
INDORE JN BG ,INDB
AHMEDABAD JN ,ADI
BANDRA TERMINUS ,BDTS
GANDHIDHAM BG ,GIMB
HAPA ,HAPA
OKHA ,OKHA
AJMER JN ,AII
AJMER JN ,AII
JAIPUR ,JP
PUNE JN2 ,PUNE
JAIPUR ,JP
HANUMANGARH JN ,HMH
KOTA JN ,KOTA
JAIPUR ,JP
JABALPUR ,JBP
MADGAON ,MAO
MADGAON ,MAO
ERANAKULAM JN ,ERS
PUNE JN2 ,PUNE
MUMBAI CST ,CSTM
C SHAHUMHARAJ T ,KOP
LOKMANYATILAK T ,LTT
COIMBATORE JN ,CBE
LOKMANYATILAK T ,LTT
DADAR ,DR
MUMBAI CST ,CSTM
MUMBAI CST ,CSTM
MANMAD JN ,MMR
PUNE JN2 ,PUNE
MUMBAI CST ,CSTM
MANDUADIH ,MUV
PUNE JN2 ,PUNE
DARBHANGA JN ,DBG
MYSORE JN ,MYS
GORAKHPUR JN ,GKP
C SHAHUMHARAJ T ,KOP
GONDIA JN ,G
DHANBAD JN ,DHN
MIRAJ JN ,MRJ
AHMEDABAD JN ,ADI
C SHAHUMHARAJ T ,KOP
GORAKHPUR JN ,GKP
DADAR ,DR
LOKMANYATILAK T ,LTT
CHHAPRA ,CPR
CHENNAI EGMORE ,MS
LOKMANYATILAK T ,LTT
LOKMANYATILAK T ,LTT
LOKMANYATILAK T ,LTT
LOKMANYATILAK T ,LTT
JAMMU TAWI ,JAT
VERAVAL ,VRL
PUNE JN2 ,PUNE
JODHPUR JN ,JU
PUNE JN2 ,PUNE
MUMBAI CST ,CSTM
AHMEDABAD JN ,ADI
PUNE JN2 ,PUNE
PUNE JN2 ,PUNE
CHHINDWARA JN ,CWA
GWALIOR ,GWL
CHHINDWARA JN ,CWA
JHANSI JN ,JHS
VARANASI JN ,BSB
JHANSI JN ,JHS
INDORE JN BG ,INDB
AMBIKAPUR ,ABKP
ITARSI JN ,ET
MUMBAI CST ,CSTM
SAINAGAR SHIRDI ,SNSI
GADAG JN ,GDG
HOWRAH JN ,HWH
JABALPUR ,JBP
JAMMU TAWI ,JAT
AHMEDABAD JN ,ADI
SOMNATH ,SMNH
JABALPUR ,JBP
INDORE JN BG ,INDB
BHOPAL  JN ,BPL
NEW DELHI ,NDLS
CHENNAI CENTRAL ,MAS
MUMBAI CENTRAL ,BCT
AHMEDABAD JN ,ADI
NEW DELHI ,NDLS
KALKA ,KLK
NEW DELHI ,NDLS
NEW DELHI ,NDLS
HOWRAH JN ,HWH
BARABIL ,BBN
PATNA JN ,PNBE
AMRITSAR JN ,ASR
NEW DELHI ,NDLS
AMRITSAR JN ,ASR
KANPUR CENTRAL ,CNB
MUMBAI CST ,CSTM
AMRITSAR JN ,ASR
NEW DELHI ,NDLS
H NIZAMUDDIN ,NZM
JABALPUR ,JBP
GONDIA JN ,G
AURANGABAD ,AWB
HOWRAH JN ,HWH
KOZHIKKODE ,CLT
VIJAYAWADA JN ,BZA
HUBLI JN ,UBL
MAYILADUTURAI J ,MV
COIMBATORE JN ,CBE
LOKMANYATILAK T ,LTT
PUNE JN2 ,PUNE
LUCKNOW ,LJN
MUMBAI CST ,CSTM
MANMAD JN ,MMR
SOLAPUR JN ,SUR
LOKMANYATILAK T ,LTT
AMRAVATI ,AMI
NAGPUR ,NGP
H NIZAMUDDIN ,NZM
MUMBAI CST ,CSTM
PUNE JN2 ,PUNE
MUMBAI CST ,CSTM
PUNE JN2 ,PUNE
HOWRAH JN ,HWH
MUMBAI CST ,CSTM
MUMBAI CST ,CSTM
NAGPUR ,NGP
LOKMANYATILAK T ,LTT
LOKMANYATILAK T ,LTT
HABIBGANJ ,HBJ
PUNE JN2 ,PUNE
NAGPUR ,NGP
JABALPUR ,JBP
LOKMANYATILAK T ,LTT
DADAR ,DR
VARANASI JN ,BSB
DADAR ,DR
VARANASI JN ,BSB
PUNE JN2 ,PUNE
SOLAPUR JN ,SUR
LOKMANYATILAK T ,LTT
HOWRAH JN ,HWH
MATHURA JN ,MTJ
JAIPUR ,JP
REWA ,REWA
JABALPUR ,JBP
MUMBAI CST ,CSTM
JABALPUR ,JBP
NEW DELHI ,NDLS
JABALPUR ,JBP
BHOPAL  JN ,BPL
AJMER JN ,AII
BHOPAL  JN ,BPL
KOCHUVELI ,KCVL
NEW DELHI ,NDLS
DEHRADUN ,DDN
KANPUR CENTRAL ,CNB
MOTIHARI ,MKI
DELHI S ROHILLA ,DEE
KOCHUVELI ,KCVL
CHANDIGARH ,CDG
PUNE JN2 ,PUNE
HOWRAH JN ,HWH
AZAMGARH ,AMH
LUCKNOW ,LKO
CHANDIGARH ,CDG
GUWAHATI ,GHY
NEW DELHI ,NDLS
HOWRAH JN ,HWH
YESVANTPUR JN ,YPR
BANDRA TERMINUS ,BDTS
HOWRAH JN ,HWH
NEW DELHI ,NDLS
KORBA ,KRBA
BHAGALPUR ,BGP
YESVANTPUR JN ,YPR
YESVANTPUR JN ,YPR
KOCHUVELI ,KCVL
SEALDAH ,SDAH
DELHI S ROHILLA ,DEE
CHENNAI CENTRAL ,MAS
HOWRAH JN ,HWH
NEW DELHI ,NDLS
ALLAHABAD JN ,ALD
JHANSI JN ,JHS
BHUBANESWAR ,BBS
H NIZAMUDDIN ,NZM
SECUNDERABAD JN ,SC
DEHRADUN ,DDN
MUMBAI CST ,CSTM
NAGPUR ,NGP
YESVANTPUR JN ,YPR
CHENNAI CENTRAL ,MAS
BANGALORE CY JN ,SBC
NEW DELHI ,NDLS
HOWRAH JN ,HWH
NEW DELHI ,NDLS
HOWRAH JN ,HWH
HOWRAH JN ,HWH
JODHPUR JN ,JU
RJNDR NGR BIHAR ,RJPB
HOWRAH JN ,HWH
KALKA ,KLK
SEALDAH ,SDAH
SEALDAH ,SDAH
AMRITSAR JN ,ASR
HOWRAH JN ,HWH
MUMBAI CST ,CSTM
HOWRAH JN ,HWH
SEALDAH ,SDAH
JAMMU TAWI ,JAT
ALLAHABAD CITY ,ALY
BHAGALPUR ,BGP
BOLPUR S NIKTN ,BHP
DHANBAD JN ,DHN
ASANSOL JN ,ASN
SEALDAH ,SDAH
GUWAHATI ,GHY
HOWRAH JN ,HWH
BHAGALPUR ,BGP
NEW DELHI ,NDLS
DANAPUR ,DNR
RJNDR NGR BIHAR ,RJPB
RJNDR NGR BIHAR ,RJPB
KOLKATA ,KOAA
PATNA JN ,PNBE
ASANSOL JN ,ASN
MUMBAI CST ,CSTM
KOLKATA ,KOAA
HALDIBARI ,HDB
PATNA JN ,PNBE
BHAGALPUR ,BGP
HOWRAH JN ,HWH
SEALDAH ,SDAH
AMRITSAR JN ,ASR
GAYA JN ,GAYA
NEW DELHI ,NDLS
RJNDR NGR BIHAR ,RJPB
RJNDR NGR BIHAR ,RJPB
AJMER JN ,AII
NEW DELHI ,NDLS
ISLAMPUR ,IPR
ALLAHABAD JN ,ALD
H NIZAMUDDIN ,NZM
RAIGARH ,RIG
H NIZAMUDDIN ,NZM
JAMMU TAWI ,JAT
INDORE JN BG ,INDB
NEW DELHI ,NDLS
LUCKNOW ,LKO
NEW DELHI ,NDLS
NEW DELHI ,NDLS
JAMMU TAWI ,JAT
REWA ,REWA
BANGALORE CY JN ,SBC
H NIZAMUDDIN ,NZM
TRIVANDRUM CNTL ,TVC
H NIZAMUDDIN ,NZM
CHENNAI CENTRAL ,MAS
DIBRUGARH TOWN ,DBRT
NEW DELHI ,NDLS
H NIZAMUDDIN ,NZM
RANCHI ,RNC
NEW DELHI ,NDLS
BHUBANESWAR ,BBS
UDHAMPUR ,UHP
MANIKPUR JN ,MKP
H NIZAMUDDIN ,NZM
MADGAON ,MAO
KANPUR CENTRAL ,CNB
NEW DELHI ,NDLS
NEW DELHI ,NDLS
AMRITSAR JN ,ASR
JODHPUR JN ,JU
DELHI S ROHILLA ,DEE
JODHPUR JN ,JU
JODHPUR JN ,JU
JAIPUR ,JP
KANPUR CENTRAL ,CNB
BANDRA TERMINUS ,BDTS
JAMMU TAWI ,JAT
JODHPUR JN ,JU
SHRI GANGANAGAR ,SGNR
AMRITSAR JN ,ASR
NANDED ,NED
ANAND VIHAR TRM ,ANVT
DADAR ,DDR
KOLKATA ,KOAA
NEW DELHI ,NDLS
NEW DELHI ,NDLS
GUWAHATI ,GHY
ERANAKULAM JN ,ERS
GUWAHATI ,GHY
GUWAHATI ,GHY
BARAUNI JN ,BJU
ERANAKULAM JN ,ERS
NEW JALPAIGURI ,NJP
NEW DELHI ,NDLS
MUMBAI CST ,CSTM
LATUR ,LUR
GORAKHPUR JN ,GKP
LUCKNOW ,LJN
RAIPUR JN ,R
MOTIHARI ,MKI
MANDUADIH ,MUV
YESVANTPUR JN ,YPR
GORAKHPUR JN ,GKP
DURG ,DURG
JAMMU TAWI ,JAT
BARAUNI JN ,BJU
GORAKHPUR JN ,GKP
MUZAFFARPUR JN ,MFP
NEW DELHI ,NDLS
DARBHANGA JN ,DBG
NEW DELHI ,NDLS
H NIZAMUDDIN ,NZM
PURULIA JN ,PRR
DARBHANGA JN ,DBG
GORAKHPUR JN ,GKP
SECUNDERABAD JN ,SC
BANGALORE CY JN ,SBC
CHENNAI CENTRAL ,MAS
CHENNAI CENTRAL ,MAS
HYDERABAD DECAN ,HYB
TIRUCHCHIRAPALI JN ,TPJ
CHENNAI CENTRAL ,MAS
CHENNAI CENTRAL ,MAS
BANGALORE CY JN ,SBC
H NIZAMUDDIN ,NZM
BANGALORE CY JN ,SBC
NEW DELHI ,NDLS
ERANAKULAM JN ,ERS
H NIZAMUDDIN ,NZM
LOKMANYATILAK T ,LTT
NEW DELHI ,NDLS
TRIVANDRUM CNTL ,TVC
TRIVANDRUM CNTL ,TVC
NEW DELHI ,NDLS
H NIZAMUDDIN ,NZM
TIRUNELVELI ,TEN
KANYAKUMARI ,CAPE
MADURAI JN ,MDU
CHENNAI EGMORE ,MS
BANGALORE CY JN ,SBC
ERANAKULAM JN ,ERS
H NIZAMUDDIN ,NZM
H NIZAMUDDIN ,NZM
YESVANTPUR JN ,YPR
MADURAI JN ,MDU
H NIZAMUDDIN ,NZM
CHENNAI CENTRAL ,MAS
BANGALORE CY JN ,SBC
SHALIMAR ,SHM
CHENNAI EGMORE ,MS
KANYAKUMARI ,CAPE
NAGERCOIL JN ,NCJ
CHENNAI CENTRAL ,MAS
METUPALAIYAM ,MTP
CHENNAI CENTRAL ,MAS
CHENNAI CENTRAL ,MAS
BANGALORE CY JN ,SBC
CHENNAI CENTRAL ,MAS
COIMBATORE JN ,CBE
ERANAKULAM JN ,ERS
MANGALORE CNTL ,MAQ
CHENNAI CENTRAL ,MAS
DEHRADUN ,DDN
CHENNAI CENTRAL ,MAS
TUTICORIN ,TN
CHENNAI CENTRAL ,MAS
TRIVANDRUM CNTL ,TVC
MUMBAI CST ,CSTM
HOWRAH JN ,HWH
GUNTUR JN ,GNT
SECUNDERABAD JN ,SC
TIRUPATI ,TPTY
H NIZAMUDDIN ,NZM
SECUNDERABAD JN ,SC
CHENNAI CENTRAL ,MAS
SECUNDERABAD JN ,SC
NANDED ,NED
VIJAYAWADA JN ,BZA
HYDERABAD DECAN ,HYB
HYDERABAD DECAN ,HYB
H NIZAMUDDIN ,NZM
HYDERABAD DECAN ,HYB
BANGALORE CY JN ,SBC
DHARWAR ,DWR
VISHAKAPATNAM ,VSKP
PUNE JN2 ,PUNE
NANDED ,NED
TIRUPATI ,TPTY
SECUNDERABAD JN ,SC
YESVANTPUR JN ,YPR
KAKINADA PORT ,COA
SECUNDERABAD JN ,SC
PATNA JN ,PNBE
PURI ,PURI
LOKMANYATILAK T ,LTT
GUNTUR JN ,GNT
VISHAKAPATNAM ,VSKP
CHENNAI CENTRAL ,MAS
TIRUPATI ,TPTY
YESVANTPUR JN ,YPR
KOCHUVELI ,KCVL
VASCO DA GAMA ,VSG
H NIZAMUDDIN ,NZM
MYSORE JN ,MYS
BANGALORE CY JN ,SBC
TIRUNELVELI ,TEN
KANYAKUMARI ,CAPE
SECUNDERABAD JN ,SC
CHENNAI EGMORE ,MS
CHITTOR ,CTO
PURI ,PURI
VISHAKAPATNAM ,VSKP
H NIZAMUDDIN ,NZM
VISHAKAPATNAM ,VSKP
H NIZAMUDDIN ,NZM
MUMBAI CST ,CSTM
LOKMANYATILAK T ,LTT
TATANAGAR JN ,TATA
PURI ,PURI
NEW DELHI ,NDLS
BHUBANESWAR ,BBS
PURI ,PURI
DURG ,DURG
H NIZAMUDDIN ,NZM
RANCHI ,RNC
PURULIA JN ,PRR
HATIA ,HTE
AHMEDABAD JN ,ADI
HOWRAH JN ,HWH
HATIA ,HTE
HOWRAH JN ,HWH
CHENNAI CENTRAL ,MAS
PURI ,PURI
AHMEDABAD JN ,ADI
BHUBANESWAR ,BBS
YESVANTPUR JN ,YPR
BILASPUR JN ,BSP
PUNE JN2 ,PUNE
BILASPUR JN ,BSP
DURG ,DURG
BILASPUR JN ,BSP
DIGHA FLAG STN ,DGHA
HOWRAH JN ,HWH
VISHAKAPATNAM ,VSKP
YESVANTPUR JN ,YPR
PURULIA JN ,PRR
HOWRAH JN ,HWH
PONDICHERRY ,PDY
HOWRAH JN ,HWH
TITLAGARH ,TIG
HATIA ,HTE
ANAND VIHAR TRM ,ANVT
NEW DELHI ,NDLS
RANCHI ,RNC
NEW DELHI ,NDLS
LOKMANYATILAK T ,LTT
BHUBANESWAR ,BBS
HOWRAH JN ,HWH
PURI ,PURI
PURULIA JN ,PRR
ADRA JN ,ADRA
HOWRAH JN ,HWH
PURI ,PURI
BHUBANESWAR ,BBS
PONDICHERRY ,PDY
BHUBANESWAR ,BBS
MUMBAI CENTRAL ,BCT
AMRITSAR JN ,ASR
PORBANDAR ,PBR
HOWRAH JN ,HWH
BANDRA TERMINUS ,BDTS
H NIZAMUDDIN ,NZM
NAGPUR ,NGP
AHMEDABAD JN ,ADI
AHMEDABAD JN ,ADI
INDORE JN BG ,INDB
SURAT ,ST
BANDRA TERMINUS ,BDTS
AMRITSAR JN ,ASR
MUMBAI CENTRAL ,BCT
AHMEDABAD JN ,ADI
BANDRA TERMINUS ,BDTS
HOWRAH JN ,HWH
KANPUR CENTRAL ,CNB
SURAT ,ST
PATNA JN ,PNBE
MUMBAI CENTRAL ,BCT
MUMBAI CENTRAL ,BCT
H NIZAMUDDIN ,NZM
MUMBAI CENTRAL ,BCT
JAIPUR ,JP
AHMEDABAD JN ,ADI
MUMBAI CENTRAL ,BCT
H NIZAMUDDIN ,NZM
BANDRA TERMINUS ,BDTS
INDORE JN BG ,INDB
JAIPUR ,JP
ERANAKULAM JN ,ERS
BANDRA TERMINUS ,BDTS
DELHI S ROHILLA ,DEE
JAIPUR ,JP
DADAR ,DDR
BANDRA TERMINUS ,BDTS
UDAIPUR CITY ,UDZ
HAPA ,HAPA
HOWRAH JN ,HWH
AMRITSAR JN ,ASR
SHRI GANGANAGAR ,SGNR
HOWRAH JN ,HWH
MALDA TOWN ,MLDT
AZIMGANJ JN ,AZ
HOWRAH JN ,HWH
HOWRAH JN ,HWH
GAYA JN ,GAYA
HOWRAH JN ,HWH
BHOPAL  JN ,BPL
HOWRAH JN ,HWH
HOWRAH JN ,HWH
SIURI ,SURI
HOWRAH JN ,HWH
LALGOLA ,LGL
BALLIA ,BUI
KOLKATA ,KOAA
KOLKATA ,KOAA
DELHI ,DLI
LALGOLA ,LGL
KOLKATA ,KOAA
SEALDAH ,SDAH
SEALDAH ,SDAH
NEW ALIPURDAUR ,NOQ
KOLKATA ,KOAA
NEW COOCH BEHAR ,NCB
SEALDAH ,SDAH
KOLKATA ,KOAA
JAMMU TAWI ,JAT
SEALDAH ,SDAH
MALDA TOWN ,MLDT
KOLKATA ,KOAA
MUZAFFARPUR JN ,MFP
JOGBANI ,JBN
BALURGHAT ,BLGT
SAHARSA JN ,SHC
SEALDAH ,SDAH
SEALDAH ,SDAH
RAJGIR ,RGD
SAHIBGANJ JN ,SBG
DANAPUR ,DNR
PATNA JN ,PNBE
MATHURA JN ,MTJ
RJNDR NGR BIHAR ,RJPB
NEW JALPAIGURI ,NJP
DANAPUR ,DNR
ISLAMPUR ,IPR
RJNDR NGR BIHAR ,RJPB
DURG ,DURG
DHANBAD JN ,DHN
DHANBAD JN ,DHN
RANCHI ,RNC
DHANBAD JN ,DHN
DHANBAD JN ,DHN
PATNA JN ,PNBE
PATNA JN ,PNBE
BARKA KANA ,BRKA
PATNA JN ,PNBE
ALLEPPEY ,ALLP
BHAGALPUR ,BGP
BHAGALPUR ,BGP
MALDA TOWN ,MLDT
BHAGALPUR ,BGP
HOWRAH JN ,HWH
DELHI ,DLI
ASANSOL JN ,ASN
DELHI ,DLI
NEW FARAKKA JN ,NFK
ANAND VIHAR TRM ,ANVT
MUZAFFARPUR JN ,MFP
DELHI ,DLI
DELHI ,DLI
DELHI ,DLI
DELHI ,DLI
PATHANKOT ,PTK
DELHI ,DLI
DELHI S ROHILLA ,DEE
DEHRADUN ,DDN
DELHI ,DLI
DIBRUGARH ,DBRG
DELHI ,DLI
ALIPUR DUAR JN ,APDJ
KALKA ,KLK
DEHRADUN ,DDN
ALLAHABAD JN ,ALD
HARIDWAR JN ,HW
ALLAHABAD JN ,ALD
MEERUT CITY ,MTC
LUCKNOW ,LKO
FAIZABAD JN ,FD
DELHI ,DLI
PARTAPGARH JN ,PBH
ALLAHABAD JN ,ALD
LUCKNOW ,LKO
CHANDIGARH ,CDG
VARANASI JN ,BSB
LUCKNOW ,LKO
BAREILLY ,BE
VARANASI JN ,BSB
NEW DELHI ,NDLS
VARANASI JN ,BSB
VARANASI JN ,BSB
PRAYAG ,PRG
DEHRADUN ,DDN
BAREILLY ,BE
LOKMANYATILAK T ,LTT
BAREILLY ,BE
NEW DELHI ,NDLS
DEHRADUN ,DDN
BHUJ ,BHUJ
ROHTAK JN ,ROK
SINGRAULI ,SGRL
BAREILLY ,BE
SAHARANPUR ,SRE
DELHI ,DLI
MUZAFFARPUR JN ,MFP
AMBALA CANT JN ,UMB
AMBALA CANT JN ,UMB
UNA HIMACHAL ,UHL
RISHIKESH ,RKSH
DEHRADUN ,DDN
AMRITSAR JN ,ASR
JAMMU TAWI ,JAT
AMRITSAR JN ,ASR
AMRITSAR JN ,ASR
NEW DELHI ,NDLS
JAISALMER ,JSM
BIKANER JN ,BKN
DELHI S ROHILLA ,DEE
BANDRA TERMINUS ,BDTS
KANPUR CENTRAL ,CNB
BHATINDA JN ,BTI
JAISALMER ,JSM
JODHPUR JN ,JU
VARANASI JN ,BSB
JODHPUR JN ,JU
KALKA ,KLK
BHAGAT KI KOTHI ,BGKT
KANPUR ANWRGANJ ,CPA
GORAKHPUR JN ,GKP
JABALPUR ,JBP
LUCKNOW ,LJN
DELHI ,DLI
GORAKHPUR JN ,GKP
YESVANTPUR JN ,YPR
GORAKHPUR JN ,GKP
HATIA ,HTE
DELHI ,DLI
KATHGODAM ,KGM
KOLKATA ,KOAA
GORAKHPUR JN ,GKP
BARAUNI JN ,BJU
MATHURA JN ,MTJ
RAJGIR ,RGD
CHHAPRA ,CPR
BARAUNI JN ,BJU
LUCKNOW ,LJN
YESVANTPUR JN ,YPR
RAXUAL JN ,RXL
SAHARSA JN ,SHC
PATNA JN ,PNBE
SAHARSA JN ,SHC
JAYNAGAR ,JYG
AISHBAGH ,ASH
KASGANJ ,KSJ
LEDO ,LEDO
GUWAHATI ,GHY
MARIANI JN ,MXN
GUWAHATI ,GHY
GUWAHATI ,GHY
GUWAHATI ,GHY
OKHA ,OKHA
PURI ,PURI
PURI ,PURI
GUWAHATI ,GHY
LOKMANYATILAK T ,LTT
GUWAHATI ,GHY
GUWAHATI ,GHY
JAMMU TAWI ,JAT
GUWAHATI ,GHY
RANCHI ,RNC
KAMAKHYA ,KYQ
DIMAPUR ,DMV
GANDHIDHAM BG ,GIMB
KAMAKHYA ,KYQ
SILCHAR ,SCL
SILCHAR ,SCL
LUMDING JN ,LMG
KATIHAR JN ,KIR
KISHANGANJ ,KNE
DIGHA FLAG STN ,DGHA
DHEMAJI ,DMC
YESVANTPUR JN ,YPR
DIBRUGARH ,DBRG
HOWRAH JN ,HWH
JAMMU TAWI ,JAT
ALLEPPEY ,ALLP
MANGALORE CNTL ,MAQ
CHENNAI CENTRAL ,MAS
CHENNAI CENTRAL ,MAS
LUCKNOW ,LJN
CHENNAI EGMORE ,MS
MANGALORE CNTL ,MAQ
CHENNAI EGMORE ,MS
GURUVAYUR ,GUV
CHENNAI EGMORE ,MS
BANGALORE CY JN ,SBC
SHIMOGA TOWN ,SMET
BANGALORE CY JN ,SBC
MYSORE JN ,MYS
CHENNAI CENTRAL ,MAS
BANGALORE CY JN ,SBC
SHIMOGA TOWN ,SMET
TRIVANDRUM CNTL ,TVC
TRIVANDRUM CNTL ,TVC
KANNUR ,CAN
BIKANER JN ,BKN
KOCHUVELI ,KCVL
ERANAKULAM JN ,ERS
KANNUR ,CAN
JAMMU TAWI ,JAT
BANGALORE CY JN ,SBC
TRIVANDRUM CNTL ,TVC
TRIVANDRUM CNTL ,TVC
TRIVANDRUM CNTL ,TVC
TRIVANDRUM CNTL ,TVC
TRIVANDRUM CNTL ,TVC
VERAVAL ,VRL
NAGERCOIL JN ,NCJ
OKHA ,OKHA
TRIVANDRUM CNTL ,TVC
TRIVANDRUM CNTL ,TVC
TRIVANDRUM CNTL ,TVC
MANGALORE CNTL ,MAQ
MUMBAI CST ,CSTM
NAGERCOIL JN ,NCJ
ERANAKULAM JN ,ERS
PATNA JN ,PNBE
AHMEDABAD JN ,ADI
BANGALORE CY JN ,SBC
KANNUR ,CAN
KANYAKUMARI ,CAPE
BANGALORE CY JN ,SBC
MUMBAI CST ,CSTM
YESVANTPUR JN ,YPR
JODHPUR JN ,JU
BANGALORE CY JN ,SBC
HUBLI JN ,UBL
BANGALORE CY JN ,SBC
MANGALORE CNTL ,MAQ
NAGERCOIL JN ,NCJ
COIMBATORE JN ,CBE
RAJKOT JN ,RJT
COIMBATORE JN ,CBE
CHENNAI CENTRAL ,MAS
TRIVANDRUM CNTL ,TVC
MANGALORE CNTL ,MAQ
TRIVANDRUM CNTL ,TVC
ERODE JN ,ED
MANGALORE CNTL ,MAQ
JAMMU TAWI ,JAT
RAMESWARAM ,RMM
CHENNAI EGMORE ,MS
RAMESWARAM ,RMM
CHENNAI EGMORE ,MS
TUTICORIN ,TN
RAMESWARAM ,RMM
OKHA ,OKHA
TIRUCHENDUR ,TCN
CHENNAI EGMORE ,MS
NAGORE ,NCR
ERANAKULAM JN ,ERS
SECUNDERABAD JN ,SC
PUNE JN2 ,PUNE
BHUBANESWAR ,BBS
RAJKOT JN ,RJT
HYDERABAD DECAN ,HYB
SECUNDERABAD JN ,SC
BIKANER JN ,BKN
SECUNDERABAD JN ,SC
MUMBAI CST ,CSTM
SECUNDERABAD JN ,SC
GUNTUR JN ,GNT
BHAVNAGAR TRMUS ,BVC
KAKINADA TOWN ,CCT
KAKINADA TOWN ,CCT
SAINAGAR SHIRDI ,SNSI
YESVANTPUR JN ,YPR
HUBLI JN ,UBL
HYDERABAD DECAN ,HYB
SECUNDERABAD JN ,SC
VISHAKAPATNAM ,VSKP
HYDERABAD DECAN ,HYB
HUBLI JN ,UBL
BAGALKOT ,BGK
YESVANTPUR JN ,YPR
VASCO DA GAMA ,VSG
CHENNAI CENTRAL ,MAS
HUBLI JN ,UBL
TIRUPATI ,TPTY
MACHELIPATNAM ,MTM
NARASAPUR ,NS
TIRUPATI ,TPTY
C SHAHUMHARAJ T ,KOP
HYDERABAD DECAN ,HYB
TIRUPATI ,TPTY
PURI ,PURI
TIRUPATI ,TPTY
BILASPUR JN ,BSP
TIRUPATI ,TPTY
VISHAKAPATNAM ,VSKP
KACHEGUDA ,KCG
KURNOOL TOWN ,KRNT
PATNA JN ,PNBE
PURNA JN ,PAU
NANDED ,NED
KACHEGUDA ,KCG
CHENNAI EGMORE ,MS
CHENNAI EGMORE ,MS
MANMAD JN ,MMR
HOWRAH JN ,HWH
LOKMANYATILAK T ,LTT
SHALIMAR ,SHM
HOWRAH JN ,HWH
VASCO DA GAMA ,VSG
JAMMU TAWI ,JAT
TATANAGAR JN ,TATA
BHUBANESWAR ,BBS
ROURKELA ,ROU
KORAPUT ,KRPU
TATANAGAR JN ,TATA
CHHAPRA ,CPR
TATANAGAR JN ,TATA
DANAPUR ,DNR
TATANAGAR JN ,TATA
DURG ,DURG
NAUTANWA ,NTV
JAIPUR ,JP
BILASPUR JN ,BSP
BHOPAL  JN ,BPL
BILASPUR JN ,BSP
AMRITSAR JN ,ASR
DURG ,DURG
RAYAGADA ,RGDA
SAMBALPUR ,SBP
SAMBALPUR ,SBP
VARANASI JN ,BSB
PURI ,PURI
PURI ,PURI
BHUBANESWAR ,BBS
KENDUJHARGARH ,KDJR
PURI ,PURI
DURG ,DURG
BHUBANESWAR ,BBS
PATNA JN ,PNBE
PURI ,PURI
BHUBANESWAR ,BBS
PURI ,PURI
RAMESWARAM ,RMM
KORBA ,KRBA
VISHAKAPATNAM ,VSKP
HATIA ,HTE
LOKMANYATILAK T ,LTT
RANCHI ,RNC
RANCHI ,RNC
PATNA JN ,PNBE
RJNDR NGR BIHAR ,RJPB
HATIA ,HTE
PATNA JN ,PNBE
HOWRAH JN ,HWH
HOWRAH JN ,HWH
OKHA ,OKHA
AHMEDABAD JN ,ADI
JAMNAGAR ,JAM
DEHRADUN ,DDN
MUMBAI CENTRAL ,BCT
SURAT ,ST
MAHUVA JN ,MHV
BANDRA TERMINUS ,BDTS
MUZAFFARPUR JN ,MFP
SURAT ,ST
BHAGALPUR ,BGP
BANDRA TERMINUS ,BDTS
VALSAD ,BL
JAMNAGAR ,JAM
JODHPUR JN ,JU
HARIDWAR JN ,HW
AHMEDABAD JN ,ADI
BHUJ ,BHUJ
BANDRA TERMINUS ,BDTS
AHMEDABAD JN ,ADI
VARANASI JN ,BSB
MUMBAI CENTRAL ,BCT
VERAVAL ,VRL
AHMEDABAD JN ,ADI
JAMMU TAWI ,JAT
PORBANDAR ,PBR
DELHI S ROHILLA ,DEE
MUZAFFARPUR JN ,MFP
INDORE JN BG ,INDB
INDORE JN BG ,INDB
RJNDR NGR BIHAR ,RJPB
INDORE JN BG ,INDB
HABIBGANJ ,HBJ
DEHRADUN ,DDN
AJMER JN ,AII
AJMER JN ,AII
BHOPAL  JN ,BPL
AJMER JN ,AII
UDAIPUR CITY ,UDZ
JAIPUR ,JP
JAIPUR ,JP
AMRITSAR JN ,ASR
UDAIPUR CITY ,UDZ
AHMEDABAD JN ,ADI
SOLAPUR JN ,SUR
VARANASI JN ,BSB
INDORE JN BG ,INDB
NEW DELHI ,NDLS
BIKANER JN ,BKN
KHAJURAHO ,KURJ
CHANDIGARH ,CDG
OKHA ,OKHA
AJMER JN ,AII
KOTDWARA ,KTW
GIRIDIH ,GRD
SAHARSA JN ,SHC
SINGRAULI ,SGRL
HOSHIARPUR ,HSX
BAREILLY ,BE
HARIDWAR JN ,HW
BARMER ,BME
RAMNAGAR ,RMR
RADHIKAPUR ,RDP
NIMACH ,NMH
SURAT ,ST
DHULE ,DHI
BALHARSHAH ,BPQ
TANAKPUR ,TPU
SIMLA ,SML
KALKA ,KLK
DARJEELING ,DJ
KURSEONG ,KGN
DARJEELING ,DJ
DARJEELING ,DJ
RAMNAGAR ,RMR
METUR DAM ,MTDM
METUPALAIYAM ,MTP
UDAGAMANDALAM ,UAM
VISHAKAPATNAM ,VSKP
MUMBAI CENTRAL ,BCT
KALKA ,KLK
DANAPUR ,DNR
